{"cameraMode":{"drawMode":0,"name":"Shaded","section":"Shading Mode"},"sceneLighting":true,"audioPlay":false,"sceneViewState":{"m_AlwaysRefresh":false,"showFog":true,"showSkybox":true,"showFlares":true,"showImageEffects":true,"showParticleSystems":true,"showVisualEffectGraphs":true,"m_FxEnabled":true},"in2DMode":false,"pivot":{"x":160.60130310058595,"y":271.062255859375,"z":-101.39012145996094},"rotation":{"x":0.05995359644293785,"y":0.019782811403274537,"z":-0.0011107597965747119,"w":0.998005211353302},"size":162.70547485351563,"orthographic":false}