{"cameraMode":{"drawMode":0,"name":"Shaded","section":"Shading Mode"},"sceneLighting":true,"audioPlay":false,"sceneViewState":{"m_AlwaysRefresh":false,"showFog":true,"showSkybox":true,"showFlares":true,"showImageEffects":true,"showParticleSystems":true,"showVisualEffectGraphs":true,"m_FxEnabled":true},"in2DMode":false,"pivot":{"x":-119.50891876220703,"y":9.883630752563477,"z":-186.67002868652345},"rotation":{"x":0.08102298527956009,"y":0.35988113284111025,"z":-0.03138839825987816,"w":0.9289523959159851},"size":0.7818719148635864,"orthographic":false}